<?xml version="1.0" encoding="UTF-8"?>
<project-private xmlns="http://www.netbeans.org/ns/project-private/1">
    <editor-bookmarks xmlns="http://www.netbeans.org/ns/editor-bookmarks/2" lastBookmarkId="0"/>
    <open-files xmlns="http://www.netbeans.org/ns/projectui-open-files/2">
        <group>
            <file>file:/C:/Users/zzvj1/Documents/ContactService/ContactService/test/Test/ContactServiceTest.java</file>
            <file>file:/C:/Users/zzvj1/Documents/ContactService/ContactService/test/Test/ContactTest.java</file>
            <file>file:/C:/Users/zzvj1/Documents/ContactService/ContactService/src/Contact/Contact.java</file>
            <file>file:/C:/Users/zzvj1/Documents/ContactService/ContactService/src/Contact/ContactService.java</file>
        </group>
    </open-files>
</project-private>
